

<chapter>
	<title>
		Overview
	</title>

	<para>
	SAXPath is a two-sided API.  Being event-based,
	we end up with <emphasis>event producers</emphasis>
	and <emphasis>event consumers</emphasis>.  
	</para>

	<para>
	The
	standard <emphasis>event producer</emphasis> is
	any object to conforms to the 
	<varname>org.saxpath.SAXPathEventSource</varname>
	interface.  More specifically, anything conforming
	to the <varname>org.saxpath.XPathReader</varname>
	interface implies that it can both parse XPath
	expressions and produce events from the parse.
	</para>

	<para>
	The standard <emphasis>event consumer</emphasis>
	is any object that conforms to the 
	<varname>org.saxpath.XPathHandler</varname> interface,
	which may register itself with a <varname>SAXPathEventSource</varname>.
	</para>

</chapter>
