

<chapter>
	<title>
		Productions to Events
	</title>

	<para>
	The W3C XPath specification defines XPath expressions 
	in terms of grammar productions.  SAXPath converts
	expressions matching the productions into a series
	of recursive-descent type of parse events.
	</para>

	<para>
	For terminal productions, , the event generation is
	trivial.  For example, the terminal expressions of
	<varname>Literal</varname>, <varname>Number</varname>
	and <varname>VariableReference</varname> translate
	directly into a single SAXPath event.
	</para>

<programlisting>
[15]   PrimaryExpr ::=   <emphasis>VariableReference</emphasis>
                         | '(' Expr ')'
                         | <emphasis>Literal</emphasis>
                         | <emphasis>Number</emphasis>
                         | FunctionCall
</programlisting>

	<para>
	These three terminals result in the calling of 
	four methods from the <varname>org.saxpath.XPathHandler</varname>.
	The <varname>Number</varname> terminal is actually divided
	into an integer-based Number and a double-based Number,
	since both are accounted for in the lexical productions
	of the XPath specification.
	</para>

<programlisting>
    /** Receive notification of a number expression.
     *
     *  @param number The number value.
     */
    <emphasis>void number(int number) throws SAXPathException;</emphasis>

    /** Receive notification of a number expression.
     *
     *  @param number The number value.
     */
    <emphasis>void number(double number) throws SAXPathException;</emphasis>

    /** Receive notification of a literal expression.
     *
     *  @param literal The string literal value.
     */
    <emphasis>void literal(String literal) throws SAXPathException;</emphasis>

    /** Receive notification of a variable-reference expression.
     *
     *  @param prefix The ns-uri prefix of the variable.
     *  @param variableName The name of the variable.
     */
    <emphasis>void variableReference(String prefix,
                           String variableName) throws SAXPathException;</emphasis>
</programlisting>

	<para>
	More complex productions, such as <varname>FunctionCall</varname> 
 	and any of the binary expression productions, result in a much larger 
	event chain.  Due to the nature of recursive-descent parsers, even
	in the simple case where no binary expressions are present within
	the XPath expression, the <varname>XPathHandler</varname> still
	receives notification of the productions.  This is because the
	parser still "falls through" the complete set of productions
	event to reach a simple terminal.
	</para>

	<para>
	An example would be of the simple XPath expression "42", which
	is simply a <varname>Number</varname> terminal expression.
	Since parsing starts at the <varname>Expr</varname> production,
	all productions between it and the final terminal <varname>Number</varname>
	productions will be signalled in one way or another to the
	<varname>XPathHandler</varname>.  The production chain that
	we see is:
	</para>

<programlisting>
Expr
  OrExpr
    AndExpr
      EqualityExpr
        RelationalExpr
          AdditiveExpr
            MultiplicativeExpr
              UnionExpr
                PathExpr
                  FilterExpr
                    PrimaryExpr
                      Number
</programlisting>

	<para>
	While it may seem odd to receive all of these signals for a simple
	<varname>Number</varname> production, it allows for a much simpler
	<varname>XPathHandler</varname> when attempting to construct an
	AST or similar object structure representing the XPath expression.
	</para>

	<para>
	Similar to how SAX works, SAXPath converts these productions into 
	a pair of <varname>startXXX(...)</varname> and <varname>endXXX(...)</varname>
	signals.  Looking at the <varname>Expr</varname> production, though,
	we see that <varname>OrExpr</varname> is the <emphasis>only</emphasis>
	option, so dispatching a signal for the <varname>Expr</varname> production
	would be gratuitous, since it would always be immediately followed
	by a signal for <varname>OrExpr</varname>.  Thus, it is eliminated.
	</para>

<programlisting>
    void startOrExpr() throws SAXPathException;
    void endOrExpr(boolean create) throws SAXPathException;

    void startAndExpr() throws SAXPathException;
    void endAndExpr(boolean create) throws SAXPathException;

    void startEqualityExpr() throws SAXPathException;
    void endEqualityExpr(int equalityOperator) throws SAXPathException;

    void startRelationalExpr() throws SAXPathException;
    void endRelationalExpr(int relationalOperator) throws SAXPathException;

    void startAdditiveExpr() throws SAXPathException;
    void endAdditiveExpr(int additiveOperator) throws SAXPathException;

    void startMultiplicativeExpr() throws SAXPathException;
    void endMultiplicativeExpr(int multiplicativeOperator) throws SAXPathException;

    void startUnaryExpr() throws SAXPathException;
    void endUnaryExpr(int unaryOperator) throws SAXPathException;

    void startUnionExpr() throws SAXPathException;
    void endUnionExpr(boolean create) throws SAXPathException;
</programlisting>

	<para>
	For binary expressions which may only have a single type
	of operator (such as <varname>OrExpr</varname>, <varname>AndExpr</varname>
	and <varname>UnionExpr</varname>), the <varname>endXXX(...)</varname>
	construct takes, as an argument, a <varname>boolean</varname>
	parameter.  This parameter indicates if the production is
	merely a fall-through production, or if a binary expression
	was truly witnessed for that production during the parse.
	In the above "42" expression example, for the calls to
	<varname>endOrExpr(...)</varname>, <varname>endAndExpr(...)</varname>,
	and <varname>endUnionExpr(...)</varname>, the <varname>create</varname>
	parameter would be <varname>false</varname>, since those productions
	did not truly result in binary expressions.
	</para>

	<para>
	For binary expressions which may have different flavors of
	operators (such as <varname>AdditiveExpr</varname> or
	<varname>RelationalExpr</varname>), the operator that was
	seen will be passed to the <varname>endXXX(...)</varname>
	method if a binary expression was witnessed.  This coincides
	with <varname>create=</varname><emphasis>true</emphasis> in the simpler
	productions. If the production was merely a fall-through,
	the passed-in operator will actually be <varname>Operator.NO_OP</varname>,
	signalling the fact that the product did not result in a 
	binary expression.  This coincides with <varname>create=</varname><emphasis>false</emphasis>
	for the simple productions.
	</para>

	<para>
	This, in SAXPath events, the original "42" example would result in the
	following event callbacks to a <varname>XPathHandler</varname>:
	</para>

<programlisting>
startOrExpr()
  startAndExpr()
    startEqualityExpr()
      startRelationalExpr()
        startAdditiveExpr()
          startMultiplicativeExpr()
            startUnionExpr()
              startPathExpr()
                startFilterExpr()
                  number( 42 );
                endFilterExpr()
              endPathExpr()
            endUnionExpr( false )
          endMultiplicativeExpr( Operator.NO_OP )
        endAdditiveExpr( Operator.NO_OP )
      endRelationalExpr( Operator.NO_OP )
    endEqualityExpr( Operator.NO_OP )
  endAndExpr()
endOrExpr()
</programlisting>

	<para>
	Through the usage of <varname>Operator.NO_OP</varname> and <varname>false</varname>
	passed to the <varname>endXXX(...)</varname> methods, it's easy to see that this
	results in simply the <varname>Number</varname> production.
	</para>
	
</chapter>
