

<chapter>
	<title>
		XPathReaderFactory Class
	</title>

	<para>
	Like SAX, SAXPath is open to many different
	implementations of the <varname>XPathReader</varname>
	or <varname>SAXPathEventSource</varname> interfaces.
	To make it simpler for client code to operate regardless
	of the current SAXPath implementation, the helper class
	of <varname>org.saxpath.helpers.XPathReaderFactory</varname>
	is provided.
	</para>

	<para>
	The <varname>XPathReaderFactory</varname> can be used
	to instantiate an <varname>XPathReader</varname> based
	either on a <trademark>Java</trademark> system property,
	or an explicit class name passed in.
	</para>

	<para>
	To use the system property method, simply use the
	<varname>createReader()</varname> method.  It will
	inspect the system property of <varname>org.saxpath.driver</varname>,
	and attempt to instantiate an object of the classname
	contained therein.
	</para>

	<para>
	For convenience, the current release of SAXPath comes
	with a default implementation, which is configured
	automatically, if not overidden by the <varname>org.saxpath.driver</varname>
	property.  There is an assumption  of
	<varname>com.werken.saxpath.XPathReader</varname> assigned
	to that property unless otherwise stated.
	</para>

	<para>
	If you wish to ignore the system property completely,
	then the form of <varname>createReader(String classname)</varname>
	may be used to instantiate any <varname>XPathReader</varname>
	that is desired.
	</para>

</chapter>
