<?xml version="1.0"?>
<html>
  <head>
    <title>Everything you always wanted to know</title>
  </head>
  <body>
    <p>For me, my friends, and my cats.</p>
    <h1>The Real World</h1>
    <h2>About Animals</h2>
    <p>Maybe you've learned already a lot about all kinds of animals
      in the world.</p>
    <p>But this new species will be surely a surprise for you.</p>
    <p>...</p>
    <h2>About Plants</h2>
    <p>Unfortunately the world of plants is not my favourite hobby.</p>
    <h1>The Virtual World</h1>
    <p>But now for the really important things.</p>
    <h2>About XML</h2>
    <p>This section talks about XML.</p>
    <h2>About STX</h2>
    <p>And this section talks about STX.</p>
    <h1>Conclusion</h1>
    <p>Hopefully this little article has been interesting for you.</p>
    <p>Thank you for reading.</p>
  </body>
</html>
