<?xml version="1.0"?>
<document url="http://saxpath.org/index.xml">
  <body>
    <title>SAXPath: Simple API for XPath</title>

    <header>
      <p>
      The <i>SAXPath</i> project is a Simple API for XPath. 
      SAXPath is analogous to SAX in that the API abstracts away the details of 
      parsing and provides a simple event based callback interface. 
      </p>
    </header>

    <section title="Getting Started">
      <p>You can download the current $VERSION$ release 
        or a nightly build via the <a href="download.html">download page</a>.</p>

      <p>You could try browsing the
        <a href="faq.html">FAQ</a> or the online 
        <a href="apidocs/index.html">JavaDoc</a>.
      </p>      
      
      <p>Contributors are welcome to join this project. 
        Once you've browsed the <a href="faq.html">FAQ</a> you could try
        sending an email to one of the mailing lists below or check out the
        <a href="http://sourceforge.net/projects/saxpath/">project page</a>.</p>

    </section>

    <section title="Mailing Lists">
      <p>There is a
        <a href="http://lists.sourceforge.net/lists/listinfo/saxpath-users">
          saxpath-users
        </a> 
        email list where you can share ideas and experiences, ask for help, 
        give us feedback or discuss your requirements.
      </p>
    </section>

  </body>
</document>
