<?xml version="1.0" encoding="ISO-8859-1"?>
<project name="saxpath" repository="saxpath" href="http://saxpath.org">

  <title>saxpath: Simple API for XPath</title>

  <meta>
    
  </meta>

  <links>
    <table width="100%">
      <tr>
        <td align="left" valign="center">
          <a href="index.html"><img src="style/images/logo.gif" border="0" alt="saxpath"/></a>
        </td>
        <td><br /></td>
        <td align="right" valign="center">
          <font size="2">
            <a href="faq.html">FAQ</a> 
            | <a href="apidocs/index.html">JavaDoc</a> 
            | <a href="download.html">download</a>
            | <a href="status.html">status</a> 
            | <a href="http://sourceforge.net/projects/saxpath/">project page</a>
          </font>
        </td>
      </tr>
    </table>
  </links>

  <notice>
    Copyright 2001 (C) bob mcwhirter &amp; James Strachan. All rights reserved. Hosted by SourceForge <br/>
    <table cellspacing="10" align="Center" valign="Center">
    <tr>
    <td valign="Center">
    <a href="http://sourceforge.net/"><img src="http://sourceforge.net/sflogo.php?group_id=26014" width="88" height="31" border="0" alt="SourceForge Logo"/></a>
    </td>
    </tr>
    </table>
  </notice>

</project>
